{
    "key": "group_60180be503923",
    "title": "Colonnes",
    "fields": [
        {
            "key": "field_60180be50a488",
            "label": "Contenu",
            "name": "",
            "type": "tab",
            "instructions": "",
            "required": 0,
            "conditional_logic": 0,
            "wrapper": {
                "width": "",
                "class": "",
                "id": ""
            },
            "acfe_permissions": "",
            "placement": "top",
            "endpoint": 0
        },
        {
            "acfe_flexible_advanced": 1,
            "acfe_flexible_stylised_button": 1,
            "acfe_flexible_hide_empty_message": 0,
            "acfe_flexible_empty_message": "",
            "acfe_flexible_disable_ajax_title": 0,
            "acfe_flexible_layouts_thumbnails": 0,
            "acfe_flexible_layouts_settings": 0,
            "acfe_flexible_layouts_ajax": 0,
            "acfe_flexible_layouts_templates": 0,
            "acfe_flexible_layouts_previews": 0,
            "acfe_flexible_layouts_placeholder": 0,
            "acfe_flexible_title_edition": 1,
            "acfe_flexible_clone": 0,
            "acfe_flexible_copy_paste": 0,
            "acfe_flexible_toggle": 0,
            "acfe_flexible_close_button": 0,
            "acfe_flexible_remove_add_button": 0,
            "acfe_flexible_remove_duplicate_button": 0,
            "acfe_flexible_remove_delete_button": 0,
            "acfe_flexible_lock": 0,
            "acfe_flexible_modal_edition": 0,
            "acfe_flexible_modal": {
                "acfe_flexible_modal_enabled": "0"
            },
            "acfe_flexible_layouts_state": "",
            "acfe_flexible_layouts_remove_collapse": 0,
            "key": "field_60180be511d6c",
            "label": "Éléments",
            "name": "columns",
            "type": "flexible_content",
            "instructions": "",
            "required": 0,
            "conditional_logic": 0,
            "wrapper": {
                "width": "",
                "class": "",
                "id": ""
            },
            "acfe_save_meta": 0,
            "layouts": {
                "layout_60180c8aa8eb6": {
                    "key": "layout_60180c8aa8eb6",
                    "name": "content",
                    "label": "Contenu",
                    "display": "block",
                    "sub_fields": [
                        {
                            "key": "field_60180ccfd0bd4",
                            "label": "Contenu",
                            "name": "content",
                            "type": "wysiwyg",
                            "instructions": "",
                            "required": 0,
                            "conditional_logic": 0,
                            "wrapper": {
                                "width": "",
                                "class": "",
                                "id": ""
                            },
                            "default_value": "",
                            "tabs": "all",
                            "toolbar": "full",
                            "media_upload": 0,
                            "delay": 0,
                            "acfe_wysiwyg_min_height": 200,
                            "acfe_wysiwyg_max_height": "",
                            "acfe_wysiwyg_valid_elements": "",
                            "acfe_wysiwyg_custom_style": "",
                            "acfe_wysiwyg_disable_wp_style": 0,
                            "acfe_wysiwyg_autoresize": 1,
                            "acfe_wysiwyg_disable_resize": 0,
                            "acfe_wysiwyg_remove_path": 0,
                            "acfe_wysiwyg_menubar": 0,
                            "acfe_wysiwyg_transparent": 0,
                            "acfe_wysiwyg_merge_toolbar": 0,
                            "acfe_wysiwyg_custom_toolbar": 0,
                            "acfe_field_group_condition": 0
                        }
                    ],
                    "min": "",
                    "max": "",
                    "acfe_flexible_thumbnail": false,
                    "acfe_flexible_category": false,
                    "acfe_flexible_render_template": false,
                    "acfe_flexible_render_style": false,
                    "acfe_flexible_render_script": false,
                    "acfe_flexible_settings": false,
                    "acfe_flexible_settings_size": "medium"
                }
            },
            "button_label": "Ajouter un élément",
            "min": 1,
            "max": "",
            "acfe_field_group_condition": 0
        },
        {
            "key": "field_60180be519281",
            "label": "Configuration",
            "name": "",
            "type": "tab",
            "instructions": "",
            "required": 0,
            "conditional_logic": 0,
            "wrapper": {
                "width": "",
                "class": "",
                "id": ""
            },
            "acfe_save_meta": 0,
            "placement": "top",
            "endpoint": 0,
            "no_preference": 0,
            "acfe_field_group_condition": 0
        },
        {
            "key": "field_60180be51cdaa",
            "label": "Mode avancé",
            "name": "advanced_mode",
            "type": "true_false",
            "instructions": "",
            "required": 0,
            "conditional_logic": 0,
            "wrapper": {
                "width": "",
                "class": "",
                "id": ""
            },
            "acfe_save_meta": 0,
            "message": "",
            "default_value": 0,
            "ui": 1,
            "ui_on_text": "",
            "ui_off_text": "",
            "acfe_field_group_condition": 0
        },
        {
            "key": "field_60180be5206ba",
            "label": "Taille du conteneur",
            "name": "container_width",
            "type": "group",
            "instructions": "",
            "required": 0,
            "conditional_logic": 0,
            "wrapper": {
                "width": "",
                "class": "",
                "id": ""
            },
            "acfe_save_meta": 0,
            "layout": "block",
            "acfe_seamless_style": 1,
            "acfe_group_modal": 0,
            "acfe_field_group_condition": 0,
            "sub_fields": [
                {
                    "key": "field_60180be53abd6",
                    "label": "Mobile",
                    "name": "default",
                    "type": "select",
                    "instructions": "Inférieur à 640px",
                    "required": 0,
                    "conditional_logic": [
                        [
                            {
                                "field": "field_60180be51cdaa",
                                "operator": "!=",
                                "value": "1"
                            }
                        ]
                    ],
                    "wrapper": {
                        "width": "33",
                        "class": "",
                        "id": ""
                    },
                    "acfe_save_meta": 0,
                    "choices": {
                        "w-1\/2": "Petit",
                        "w-8\/12": "Moyen",
                        "w-10\/12": "Large",
                        "w-full": "Pleine largeur"
                    },
                    "default_value": "w-full",
                    "allow_null": 0,
                    "multiple": 0,
                    "max": "",
                    "ui": 0,
                    "return_format": "value",
                    "acfe_field_group_condition": 0,
                    "ajax": 0,
                    "placeholder": ""
                },
                {
                    "key": "field_60180be53e5b2",
                    "label": "Tablette",
                    "name": "sm",
                    "type": "select",
                    "instructions": "Entre 640px et 1024px",
                    "required": 0,
                    "conditional_logic": [
                        [
                            {
                                "field": "field_60180be51cdaa",
                                "operator": "!=",
                                "value": "1"
                            }
                        ]
                    ],
                    "wrapper": {
                        "width": "33",
                        "class": "",
                        "id": ""
                    },
                    "acfe_save_meta": 0,
                    "choices": {
                        "w-1\/2": "Petit",
                        "w-8\/12": "Moyen",
                        "w-10\/12": "Large",
                        "w-full": "Pleine largeur"
                    },
                    "default_value": "w-full",
                    "allow_null": 0,
                    "multiple": 0,
                    "max": "",
                    "ui": 0,
                    "return_format": "value",
                    "acfe_field_group_condition": 0,
                    "ajax": 0,
                    "placeholder": ""
                },
                {
                    "key": "field_60180be542116",
                    "label": "Desktop",
                    "name": "lg",
                    "type": "select",
                    "instructions": "Supérieur à 1024px",
                    "required": 0,
                    "conditional_logic": [
                        [
                            {
                                "field": "field_60180be51cdaa",
                                "operator": "!=",
                                "value": "1"
                            }
                        ]
                    ],
                    "wrapper": {
                        "width": "33",
                        "class": "",
                        "id": ""
                    },
                    "acfe_save_meta": 0,
                    "choices": {
                        "w-1\/2": "Petit",
                        "w-8\/12": "Moyen",
                        "w-10\/12": "Large",
                        "w-full": "Pleine largeur"
                    },
                    "default_value": "w-full",
                    "allow_null": 0,
                    "multiple": 0,
                    "max": "",
                    "ui": 0,
                    "return_format": "value",
                    "acfe_field_group_condition": 0,
                    "ajax": 0,
                    "placeholder": ""
                },
                {
                    "key": "field_60180be545b74",
                    "label": "Mobile",
                    "name": "default_advanced",
                    "type": "select",
                    "instructions": "Inférieur à 640px",
                    "required": 0,
                    "conditional_logic": [
                        [
                            {
                                "field": "field_60180be51cdaa",
                                "operator": "==",
                                "value": "1"
                            }
                        ]
                    ],
                    "wrapper": {
                        "width": "16",
                        "class": "",
                        "id": ""
                    },
                    "acfe_save_meta": 0,
                    "choices": {
                        "w-1\/2": "Petit",
                        "w-8\/12": "Moyen",
                        "w-10\/12": "Large",
                        "w-full": "Pleine largeur"
                    },
                    "default_value": "w-full",
                    "allow_null": 0,
                    "multiple": 0,
                    "max": "",
                    "ui": 0,
                    "return_format": "value",
                    "acfe_field_group_condition": 0,
                    "ajax": 0,
                    "placeholder": ""
                },
                {
                    "key": "field_60180be549678",
                    "label": "Tablette (portrait)",
                    "name": "sm_advanced",
                    "type": "select",
                    "instructions": "Entre 640px et 768px",
                    "required": 0,
                    "conditional_logic": [
                        [
                            {
                                "field": "field_60180be51cdaa",
                                "operator": "==",
                                "value": "1"
                            }
                        ]
                    ],
                    "wrapper": {
                        "width": "16",
                        "class": "",
                        "id": ""
                    },
                    "acfe_save_meta": 0,
                    "choices": {
                        "w-1\/2": "Petit",
                        "w-8\/12": "Moyen",
                        "w-10\/12": "Large",
                        "w-full": "Pleine largeur"
                    },
                    "default_value": "w-full",
                    "allow_null": 0,
                    "multiple": 0,
                    "max": "",
                    "ui": 0,
                    "return_format": "value",
                    "acfe_field_group_condition": 0,
                    "ajax": 0,
                    "placeholder": ""
                },
                {
                    "key": "field_60180be54d0bd",
                    "label": "Tablette (paysage)",
                    "name": "md_advanced",
                    "type": "select",
                    "instructions": "Entre 768px et 1024px",
                    "required": 0,
                    "conditional_logic": [
                        [
                            {
                                "field": "field_60180be51cdaa",
                                "operator": "==",
                                "value": "1"
                            }
                        ]
                    ],
                    "wrapper": {
                        "width": "16",
                        "class": "",
                        "id": ""
                    },
                    "acfe_save_meta": 0,
                    "choices": {
                        "w-1\/2": "Petit",
                        "w-8\/12": "Moyen",
                        "w-10\/12": "Large",
                        "w-full": "Pleine largeur"
                    },
                    "default_value": "w-full",
                    "allow_null": 0,
                    "multiple": 0,
                    "max": "",
                    "ui": 0,
                    "return_format": "value",
                    "acfe_field_group_condition": 0,
                    "ajax": 0,
                    "placeholder": ""
                },
                {
                    "key": "field_60180be550a04",
                    "label": "Petit desktop",
                    "name": "lg_advanced",
                    "type": "select",
                    "instructions": "Entre 1024px et 1280px",
                    "required": 0,
                    "conditional_logic": [
                        [
                            {
                                "field": "field_60180be51cdaa",
                                "operator": "==",
                                "value": "1"
                            }
                        ]
                    ],
                    "wrapper": {
                        "width": "16",
                        "class": "",
                        "id": ""
                    },
                    "acfe_save_meta": 0,
                    "choices": {
                        "w-1\/2": "Petit",
                        "w-8\/12": "Moyen",
                        "w-10\/12": "Large",
                        "w-full": "Pleine largeur"
                    },
                    "default_value": "w-full",
                    "allow_null": 0,
                    "multiple": 0,
                    "max": "",
                    "ui": 0,
                    "return_format": "value",
                    "acfe_field_group_condition": 0,
                    "ajax": 0,
                    "placeholder": ""
                },
                {
                    "key": "field_60180be554490",
                    "label": "Desktop",
                    "name": "xl_advanced",
                    "type": "select",
                    "instructions": "Entre 1280px et 1536px",
                    "required": 0,
                    "conditional_logic": [
                        [
                            {
                                "field": "field_60180be51cdaa",
                                "operator": "==",
                                "value": "1"
                            }
                        ]
                    ],
                    "wrapper": {
                        "width": "16",
                        "class": "",
                        "id": ""
                    },
                    "acfe_save_meta": 0,
                    "choices": {
                        "w-1\/2": "Petit",
                        "w-8\/12": "Moyen",
                        "w-10\/12": "Large",
                        "w-full": "Pleine largeur"
                    },
                    "default_value": "w-full",
                    "allow_null": 0,
                    "multiple": 0,
                    "max": "",
                    "ui": 0,
                    "return_format": "value",
                    "acfe_field_group_condition": 0,
                    "ajax": 0,
                    "placeholder": ""
                },
                {
                    "key": "field_60180be557f93",
                    "label": "Grand desktop",
                    "name": "2xl_advanced",
                    "type": "select",
                    "instructions": "Supérieur à 1536px",
                    "required": 0,
                    "conditional_logic": [
                        [
                            {
                                "field": "field_60180be51cdaa",
                                "operator": "==",
                                "value": "1"
                            }
                        ]
                    ],
                    "wrapper": {
                        "width": "16",
                        "class": "",
                        "id": ""
                    },
                    "acfe_save_meta": 0,
                    "choices": {
                        "w-1\/2": "Petit",
                        "w-8\/12": "Moyen",
                        "w-10\/12": "Large",
                        "w-full": "Pleine largeur"
                    },
                    "default_value": "w-full",
                    "allow_null": 0,
                    "multiple": 0,
                    "max": "",
                    "ui": 0,
                    "return_format": "value",
                    "acfe_field_group_condition": 0,
                    "ajax": 0,
                    "placeholder": ""
                }
            ]
        },
        {
            "key": "field_6018101ad0be1",
            "label": "↔ Alignement des colonnes",
            "name": "horizontal_alignment",
            "type": "button_group",
            "instructions": "",
            "required": 0,
            "conditional_logic": 0,
            "wrapper": {
                "width": "50",
                "class": "",
                "id": ""
            },
            "acfe_save_meta": 0,
            "choices": {
                "justify-start": "←",
                "justify-center": "↔",
                "justify-end": "→"
            },
            "allow_null": 0,
            "default_value": "justify-center",
            "layout": "horizontal",
            "return_format": "value",
            "acfe_field_group_condition": 0
        },
        {
            "key": "field_60181066d0be2",
            "label": "↕ Alignement des colonnes",
            "name": "vertical_alignment",
            "type": "button_group",
            "instructions": "",
            "required": 0,
            "conditional_logic": 0,
            "wrapper": {
                "width": "50",
                "class": "",
                "id": ""
            },
            "acfe_save_meta": 0,
            "choices": {
                "items-start": "↑",
                "items-center": "↕",
                "items-end": "↓"
            },
            "allow_null": 0,
            "default_value": "items-start",
            "layout": "horizontal",
            "return_format": "value",
            "acfe_field_group_condition": 0
        },
        {
            "key": "field_60180cead0bd5",
            "label": "Dispositions",
            "name": "placement",
            "type": "group",
            "instructions": "",
            "required": 0,
            "conditional_logic": 0,
            "wrapper": {
                "width": "",
                "class": "",
                "id": ""
            },
            "layout": "block",
            "acfe_seamless_style": 1,
            "acfe_group_modal": 0,
            "acfe_field_group_condition": 0,
            "sub_fields": [
                {
                    "key": "field_60180d24d0bd6",
                    "label": "Mobile",
                    "name": "default",
                    "type": "select",
                    "instructions": "Inférieur à 640px",
                    "required": 0,
                    "conditional_logic": [
                        [
                            {
                                "field": "field_60180be51cdaa",
                                "operator": "!=",
                                "value": "1"
                            }
                        ]
                    ],
                    "wrapper": {
                        "width": "33",
                        "class": "",
                        "id": ""
                    },
                    "acfe_save_meta": 0,
                    "choices": {
                        "## Simple": "## Simple",
                        "w-full": "100%",
                        "w-1\/2": "1\/2",
                        "w-1\/3": "1\/3",
                        "w-1\/4": "1\/4",
                        "w-1\/5": "1\/5",
                        "w-1\/6": "1\/6",
                        "## Complexe": "## Complexe",
                        "w-1\/3 w-2\/3": "1\/3 - 2\/3",
                        "w-1\/4 w-3\/4": "1\/4 - 3\/4",
                        "w-1\/6 w-5\/6": "1\/6 - 5\/6",
                        "w-1\/4 w-1\/2 w-1\/4": "1\/4 - 1\/2 - 1\/4",
                        "w-1\/6 w-2\/3 w-1\/6": "1\/6 - 2\/3 - 1\/6"
                    },
                    "default_value": false,
                    "allow_null": 0,
                    "multiple": 0,
                    "max": "",
                    "ui": 0,
                    "return_format": "value",
                    "acfe_field_group_condition": 0,
                    "ajax": 0,
                    "placeholder": ""
                },
                {
                    "key": "field_60180ee1d0bd7",
                    "label": "Tablette",
                    "name": "sm",
                    "type": "select",
                    "instructions": "Entre 640px et 1024px",
                    "required": 0,
                    "conditional_logic": [
                        [
                            {
                                "field": "field_60180be51cdaa",
                                "operator": "!=",
                                "value": "1"
                            }
                        ]
                    ],
                    "wrapper": {
                        "width": "33",
                        "class": "",
                        "id": ""
                    },
                    "acfe_save_meta": 0,
                    "choices": {
                        "## Simple": "## Simple",
                        "w-full": "100%",
                        "w-1\/2": "1\/2",
                        "w-1\/3": "1\/3",
                        "w-1\/4": "1\/4",
                        "w-1\/5": "1\/5",
                        "w-1\/6": "1\/6",
                        "## Complexe": "## Complexe",
                        "w-1\/3 w-2\/3": "1\/3 - 2\/3",
                        "w-1\/4 w-3\/4": "1\/4 - 3\/4",
                        "w-1\/6 w-5\/6": "1\/6 - 5\/6",
                        "w-1\/4 w-1\/2 w-1\/4": "1\/4 - 1\/2 - 1\/4",
                        "w-1\/6 w-2\/3 w-1\/6": "1\/6 - 2\/3 - 1\/6"
                    },
                    "default_value": false,
                    "allow_null": 0,
                    "multiple": 0,
                    "max": "",
                    "ui": 0,
                    "return_format": "value",
                    "acfe_field_group_condition": 0,
                    "ajax": 0,
                    "placeholder": ""
                },
                {
                    "key": "field_60180ef5d0bd8",
                    "label": "Desktop",
                    "name": "lg",
                    "type": "select",
                    "instructions": "Supérieur à 1024px",
                    "required": 0,
                    "conditional_logic": [
                        [
                            {
                                "field": "field_60180be51cdaa",
                                "operator": "!=",
                                "value": "1"
                            }
                        ]
                    ],
                    "wrapper": {
                        "width": "33",
                        "class": "",
                        "id": ""
                    },
                    "acfe_save_meta": 0,
                    "choices": {
                        "## Simple": "## Simple",
                        "w-full": "100%",
                        "w-1\/2": "1\/2",
                        "w-1\/3": "1\/3",
                        "w-1\/4": "1\/4",
                        "w-1\/5": "1\/5",
                        "w-1\/6": "1\/6",
                        "## Complexe": "## Complexe",
                        "w-1\/3 w-2\/3": "1\/3 - 2\/3",
                        "w-1\/4 w-3\/4": "1\/4 - 3\/4",
                        "w-1\/6 w-5\/6": "1\/6 - 5\/6",
                        "w-1\/4 w-1\/2 w-1\/4": "1\/4 - 1\/2 - 1\/4",
                        "w-1\/6 w-2\/3 w-1\/6": "1\/6 - 2\/3 - 1\/6"
                    },
                    "default_value": false,
                    "allow_null": 0,
                    "multiple": 0,
                    "max": "",
                    "ui": 0,
                    "return_format": "value",
                    "acfe_field_group_condition": 0,
                    "ajax": 0,
                    "placeholder": ""
                },
                {
                    "key": "field_60180f12d0bda",
                    "label": "Mobile",
                    "name": "default_advanced",
                    "type": "select",
                    "instructions": "Inférieur à 640px",
                    "required": 0,
                    "conditional_logic": [
                        [
                            {
                                "field": "field_60180be51cdaa",
                                "operator": "==",
                                "value": "1"
                            }
                        ]
                    ],
                    "wrapper": {
                        "width": "16",
                        "class": "",
                        "id": ""
                    },
                    "acfe_save_meta": 0,
                    "choices": {
                        "## Simple": "## Simple",
                        "w-full": "100%",
                        "w-1\/2": "1\/2",
                        "w-1\/3": "1\/3",
                        "w-1\/4": "1\/4",
                        "w-1\/5": "1\/5",
                        "w-1\/6": "1\/6",
                        "## Complexe": "## Complexe",
                        "w-1\/3 w-2\/3": "1\/3 - 2\/3",
                        "w-1\/4 w-3\/4": "1\/4 - 3\/4",
                        "w-1\/6 w-5\/6": "1\/6 - 5\/6",
                        "w-1\/4 w-1\/2 w-1\/4": "1\/4 - 1\/2 - 1\/4",
                        "w-1\/6 w-2\/3 w-1\/6": "1\/6 - 2\/3 - 1\/6"
                    },
                    "default_value": false,
                    "allow_null": 0,
                    "multiple": 0,
                    "max": "",
                    "ui": 0,
                    "return_format": "value",
                    "acfe_field_group_condition": 0,
                    "ajax": 0,
                    "placeholder": ""
                },
                {
                    "key": "field_60180f60d0bdb",
                    "label": "Tablette (portrait)",
                    "name": "sm_advanced",
                    "type": "select",
                    "instructions": "Entre 640px et 768px",
                    "required": 0,
                    "conditional_logic": [
                        [
                            {
                                "field": "field_60180be51cdaa",
                                "operator": "==",
                                "value": "1"
                            }
                        ]
                    ],
                    "wrapper": {
                        "width": "16",
                        "class": "",
                        "id": ""
                    },
                    "acfe_save_meta": 0,
                    "choices": {
                        "## Simple": "## Simple",
                        "w-full": "100%",
                        "w-1\/2": "1\/2",
                        "w-1\/3": "1\/3",
                        "w-1\/4": "1\/4",
                        "w-1\/5": "1\/5",
                        "w-1\/6": "1\/6",
                        "## Complexe": "## Complexe",
                        "w-1\/3 w-2\/3": "1\/3 - 2\/3",
                        "w-1\/4 w-3\/4": "1\/4 - 3\/4",
                        "w-1\/6 w-5\/6": "1\/6 - 5\/6",
                        "w-1\/4 w-1\/2 w-1\/4": "1\/4 - 1\/2 - 1\/4",
                        "w-1\/6 w-2\/3 w-1\/6": "1\/6 - 2\/3 - 1\/6"
                    },
                    "default_value": false,
                    "allow_null": 0,
                    "multiple": 0,
                    "max": "",
                    "ui": 0,
                    "return_format": "value",
                    "acfe_field_group_condition": 0,
                    "ajax": 0,
                    "placeholder": ""
                },
                {
                    "key": "field_60180f7cd0bdc",
                    "label": "Tablette (paysage)",
                    "name": "md_advanced",
                    "type": "select",
                    "instructions": "Entre 768px et 1024px",
                    "required": 0,
                    "conditional_logic": [
                        [
                            {
                                "field": "field_60180be51cdaa",
                                "operator": "==",
                                "value": "1"
                            }
                        ]
                    ],
                    "wrapper": {
                        "width": "16",
                        "class": "",
                        "id": ""
                    },
                    "acfe_save_meta": 0,
                    "choices": {
                        "## Simple": "## Simple",
                        "w-full": "100%",
                        "w-1\/2": "1\/2",
                        "w-1\/3": "1\/3",
                        "w-1\/4": "1\/4",
                        "w-1\/5": "1\/5",
                        "w-1\/6": "1\/6",
                        "## Complexe": "## Complexe",
                        "w-1\/3 w-2\/3": "1\/3 - 2\/3",
                        "w-1\/4 w-3\/4": "1\/4 - 3\/4",
                        "w-1\/6 w-5\/6": "1\/6 - 5\/6",
                        "w-1\/4 w-1\/2 w-1\/4": "1\/4 - 1\/2 - 1\/4",
                        "w-1\/6 w-2\/3 w-1\/6": "1\/6 - 2\/3 - 1\/6"
                    },
                    "default_value": false,
                    "allow_null": 0,
                    "multiple": 0,
                    "max": "",
                    "ui": 0,
                    "return_format": "value",
                    "acfe_field_group_condition": 0,
                    "ajax": 0,
                    "placeholder": ""
                },
                {
                    "key": "field_60180f90d0bdd",
                    "label": "Petit desktop",
                    "name": "lg_advanced",
                    "type": "select",
                    "instructions": "Entre 1024px et 1280px",
                    "required": 0,
                    "conditional_logic": [
                        [
                            {
                                "field": "field_60180be51cdaa",
                                "operator": "==",
                                "value": "1"
                            }
                        ]
                    ],
                    "wrapper": {
                        "width": "16",
                        "class": "",
                        "id": ""
                    },
                    "acfe_save_meta": 0,
                    "choices": {
                        "## Simple": "## Simple",
                        "w-full": "100%",
                        "w-1\/2": "1\/2",
                        "w-1\/3": "1\/3",
                        "w-1\/4": "1\/4",
                        "w-1\/5": "1\/5",
                        "w-1\/6": "1\/6",
                        "## Complexe": "## Complexe",
                        "w-1\/3 w-2\/3": "1\/3 - 2\/3",
                        "w-1\/4 w-3\/4": "1\/4 - 3\/4",
                        "w-1\/6 w-5\/6": "1\/6 - 5\/6",
                        "w-1\/4 w-1\/2 w-1\/4": "1\/4 - 1\/2 - 1\/4",
                        "w-1\/6 w-2\/3 w-1\/6": "1\/6 - 2\/3 - 1\/6"
                    },
                    "default_value": false,
                    "allow_null": 0,
                    "multiple": 0,
                    "max": "",
                    "ui": 0,
                    "return_format": "value",
                    "acfe_field_group_condition": 0,
                    "ajax": 0,
                    "placeholder": ""
                },
                {
                    "key": "field_60180fa7d0bdf",
                    "label": "Desktop",
                    "name": "xl_advanced",
                    "type": "select",
                    "instructions": "Entre 1280px et 1536px",
                    "required": 0,
                    "conditional_logic": [
                        [
                            {
                                "field": "field_60180be51cdaa",
                                "operator": "==",
                                "value": "1"
                            }
                        ]
                    ],
                    "wrapper": {
                        "width": "16",
                        "class": "",
                        "id": ""
                    },
                    "acfe_save_meta": 0,
                    "choices": {
                        "## Simple": "## Simple",
                        "w-full": "100%",
                        "w-1\/2": "1\/2",
                        "w-1\/3": "1\/3",
                        "w-1\/4": "1\/4",
                        "w-1\/5": "1\/5",
                        "w-1\/6": "1\/6",
                        "## Complexe": "## Complexe",
                        "w-1\/3 w-2\/3": "1\/3 - 2\/3",
                        "w-1\/4 w-3\/4": "1\/4 - 3\/4",
                        "w-1\/6 w-5\/6": "1\/6 - 5\/6",
                        "w-1\/4 w-1\/2 w-1\/4": "1\/4 - 1\/2 - 1\/4",
                        "w-1\/6 w-2\/3 w-1\/6": "1\/6 - 2\/3 - 1\/6"
                    },
                    "default_value": false,
                    "allow_null": 0,
                    "multiple": 0,
                    "max": "",
                    "ui": 0,
                    "return_format": "value",
                    "acfe_field_group_condition": 0,
                    "ajax": 0,
                    "placeholder": ""
                },
                {
                    "key": "field_60180fb7d0be0",
                    "label": "Grand desktop",
                    "name": "2xl_advanced",
                    "type": "select",
                    "instructions": "Supérieur à 1536px",
                    "required": 0,
                    "conditional_logic": [
                        [
                            {
                                "field": "field_60180be51cdaa",
                                "operator": "==",
                                "value": "1"
                            }
                        ]
                    ],
                    "wrapper": {
                        "width": "16",
                        "class": "",
                        "id": ""
                    },
                    "acfe_save_meta": 0,
                    "choices": {
                        "## Simple": "## Simple",
                        "w-full": "100%",
                        "w-1\/2": "1\/2",
                        "w-1\/3": "1\/3",
                        "w-1\/4": "1\/4",
                        "w-1\/5": "1\/5",
                        "w-1\/6": "1\/6",
                        "## Complexe": "## Complexe",
                        "w-1\/3 w-2\/3": "1\/3 - 2\/3",
                        "w-1\/4 w-3\/4": "1\/4 - 3\/4",
                        "w-1\/6 w-5\/6": "1\/6 - 5\/6",
                        "w-1\/4 w-1\/2 w-1\/4": "1\/4 - 1\/2 - 1\/4",
                        "w-1\/6 w-2\/3 w-1\/6": "1\/6 - 2\/3 - 1\/6"
                    },
                    "default_value": false,
                    "allow_null": 0,
                    "multiple": 0,
                    "max": "",
                    "ui": 0,
                    "return_format": "value",
                    "acfe_field_group_condition": 0,
                    "ajax": 0,
                    "placeholder": ""
                }
            ]
        }
    ],
    "location": [
        [
            {
                "param": "post_type",
                "operator": "==",
                "value": "all"
            }
        ],
        [
            {
                "param": "taxonomy",
                "operator": "==",
                "value": "all"
            }
        ]
    ],
    "menu_order": 0,
    "position": "normal",
    "style": "default",
    "label_placement": "top",
    "instruction_placement": "label",
    "hide_on_screen": "",
    "active": false,
    "description": "",
    "_pip_thumbnail": "",
    "acfe_autosync": [
        "json"
    ],
    "_pip_is_layout": 1,
    "_pip_layout_slug": "wysiwyg-columns-nemo",
    "_pip_render_layout": "wysiwyg-columns-nemo.php",
    "_pip_render_style": "wysiwyg-columns-nemo.css",
    "_pip_render_script": "wysiwyg-columns-nemo.js",
    "field_add_config_file": 1,
    "_pip_config_file": "configuration.php",
    "field_add_configuration": 1,
    "_pip_configuration": [
        "group_layouts_configuration"
    ],
    "_pip_modal_size": "medium",
    "pip_layout_var": {
        "row-row-row-row-row-row-row-601813cd933fd": {
            "pip_layout_var_key": "wrapper_cols",
            "pip_layout_var_value": ""
        },
        "row-row-row-row-row-row-row-601813d1933fe": {
            "pip_layout_var_key": "wrapper_col",
            "pip_layout_var_value": "p-4"
        }
    },
    "pip_layout_vars_lock": 1,
    "acfe_form": 0,
    "_pip_layout_min": "",
    "_pip_layout_max": "",
    "acfe_display_title": "",
    "acfe_meta": "",
    "acfe_note": "",
    "modified": 1612276823,
    "layout_categories": {
        "contenu": "Contenu"
    },
    "layout_collections": {
        "nemo": "Némo"
    }
}
